<?xml version="1.0" encoding="UTF-8" standalone="yes"?>
<addon id="plugin.program.xmenu" name=" [B][COLOR white][X]Menu[/COLOR][/B]" version="1.0" provider-name="[B][COLOR red]TeamSpirix[/COLOR][/B]">
  <requires>
    <import addon="xbmc.python" version="2.1.0"/>
  </requires>
  <extension point="xbmc.python.pluginsource" library="default.py">
        <provides>executable</provides>
  </extension>
  <extension point="xbmc.service" library="startup.py" start="startup" />
  <extension point="xbmc.addon.metadata">
    <summary lang="en">[X]Menu Kodi Wizard</summary>
    <description lang="en">[COLOR gray]Essential tools to install the best creation of XcaliBuild, it also allows you to update all your add-ons and for the smooth running of kodi with Advanced settings[/COLOR]</description>
    <platform>all</platform>
  </extension>
</addon>
